City_ID,City,Country,Date,Lat,Lng,Max Temp,Humidity,Cloudiness,Wind Speed
0,Marrakesh,MA,2021-08-03 06:42:38,31.6315,-8.0083,66.27,77,0,4.61
1,Barrow,US,2021-08-03 06:42:15,71.2906,-156.7887,44.62,93,90,17.27
2,Port Elizabeth,ZA,2021-08-03 06:42:20,-33.918,25.5701,48.49,100,20,4.61
3,Uusikaupunki,FI,2021-08-03 06:42:39,60.8004,21.4084,57.72,56,93,16.8
4,Hobart,AU,2021-08-03 06:41:48,-42.8794,147.3294,52.05,72,0,3.44
5,Ribeira Grande,PT,2021-08-03 06:41:51,38.5167,-28.7,73.8,83,75,5.75
6,Atuona,PF,2021-08-03 06:42:39,-9.8,-139.0333,77.45,75,12,17.47
7,Punta Arenas,CL,2021-08-03 06:42:12,-53.15,-70.9167,37.51,81,75,24.16
8,Senaki,GE,2021-08-03 06:42:40,42.2704,42.0675,84.29,60,0,2.08
9,Avarua,CK,2021-08-03 06:42:40,-21.2078,-159.775,77.05,73,90,5.75
10,Lahij,YE,2021-08-03 06:42:40,13.1667,44.5833,86.97,55,95,5.23
11,Ushuaia,AR,2021-08-03 06:40:26,-54.8,-68.3,37.06,65,40,17.27
12,Souillac,MU,2021-08-03 06:42:41,-20.5167,57.5167,75.36,64,20,12.66
13,Cape Town,ZA,2021-08-03 06:38:07,-33.9258,18.4232,61.12,100,0,4.61
14,Egvekinot,RU,2021-08-03 06:42:41,66.3167,-179.1667,37.2,93,100,11.83
15,Hermanus,ZA,2021-08-03 06:41:55,-34.4187,19.2345,60.91,64,0,5.01
16,Muzaffarabad,PK,2021-08-03 06:37:58,34.37,73.4711,88.7,61,4,4.65
17,Diego De Almagro,CL,2021-08-03 06:41:28,-26.3667,-70.05,53.58,54,0,0.58
18,Mar Del Plata,AR,2021-08-03 06:41:54,-38.0023,-57.5575,47.12,55,11,1.01
19,Rikitea,PF,2021-08-03 06:41:47,-23.1203,-134.9692,69.78,53,50,17.83
20,Udachnyy,RU,2021-08-03 06:42:42,66.4167,112.4,82.98,26,37,19.35
21,Chokurdakh,RU,2021-08-03 06:42:27,70.6333,147.9167,57.24,35,47,10.29
22,Kamaishi,JP,2021-08-03 06:42:42,39.2667,141.8833,90.55,80,96,13.35
23,Busselton,AU,2021-08-03 06:41:48,-33.65,115.3333,58.08,70,85,8.14
24,Dikson,RU,2021-08-03 06:42:01,73.5069,80.5464,52.39,79,76,8.84
25,Margate,GB,2021-08-03 06:42:43,51.3813,1.3862,62.04,77,100,1.99
26,Cidreira,BR,2021-08-03 06:41:49,-30.1811,-50.2056,48.92,93,9,7.58
27,Igrim,RU,2021-08-03 06:42:43,63.1906,64.4162,74.08,53,10,2.35
28,Bredasdorp,ZA,2021-08-03 06:42:44,-34.5322,20.0403,49.32,93,0,5.75
29,Havelock,US,2021-08-03 06:42:44,34.8791,-76.9013,77.94,95,100,1.01
30,Port Moresby,PG,2021-08-03 06:42:44,-9.4431,147.1797,83.62,70,40,11.5
31,Qaanaaq,GL,2021-08-03 06:41:50,77.484,-69.3632,42.89,75,100,1.81
32,Vaini,TO,2021-08-03 06:42:17,-21.2,-175.2,69.96,78,40,8.05
33,Kodiak,US,2021-08-03 06:42:16,57.79,-152.4072,54.91,76,90,5.75
34,Carnarvon,AU,2021-08-03 06:42:11,-24.8667,113.6333,75.27,30,0,13.8
35,Vila Franca Do Campo,PT,2021-08-03 06:42:45,37.7167,-25.4333,66.61,83,0,4.23
36,Skjervoy,NO,2021-08-03 06:42:46,70.0311,20.9714,51.98,74,15,0.98
37,Bluff,NZ,2021-08-03 06:42:14,-46.6,168.3333,46.42,70,75,0.49
38,Sitka,US,2021-08-03 06:42:46,57.0531,-135.33,57.09,88,90,0.0
39,Alice Springs,AU,2021-08-03 06:42:46,-23.7,133.8833,62.15,29,0,9.22
40,Ternate,ID,2021-08-03 06:42:47,0.8,127.4,83.7,73,19,9.98
41,Sechura,PE,2021-08-03 06:42:47,-5.5569,-80.8222,63.54,88,3,10.22
42,Saldanha,ZA,2021-08-03 06:41:53,-33.0117,17.9442,44.65,69,0,3.06
43,Pevek,RU,2021-08-03 06:42:47,69.7008,170.3133,34.84,89,100,20.36
44,Grand Gaube,MU,2021-08-03 06:42:09,-20.0064,57.6608,75.38,42,0,7.0
45,Zhangye,CN,2021-08-03 06:42:48,38.9342,100.4517,84.74,17,44,12.73
46,Tasiilaq,GL,2021-08-03 06:41:56,65.6145,-37.6368,44.76,82,100,4.14
47,Katangli,RU,2021-08-03 06:42:48,51.7102,143.2326,52.36,97,100,16.2
48,Guerrero Negro,MX,2021-08-03 06:42:49,27.9769,-114.0611,72.84,77,89,6.87
49,Saint-Philippe,RE,2021-08-03 06:41:58,-21.3585,55.7679,76.55,61,0,3.31
50,Cartagena,CO,2021-08-03 06:38:24,10.3997,-75.5144,78.42,100,20,3.44
51,Komsomolskiy,UZ,2021-08-03 06:42:04,40.4272,71.7189,90.32,27,0,4.61
52,Novobirilyussy,RU,2021-08-03 06:42:49,56.9514,90.6661,76.44,41,8,4.07
53,Gibara,CU,2021-08-03 06:42:50,21.1097,-76.1317,79.92,82,100,11.63
54,Barabai,ID,2021-08-03 06:42:50,-2.5833,115.3833,84.18,64,82,3.42
55,Half Moon Bay,US,2021-08-03 06:38:33,37.4636,-122.4286,65.03,85,1,1.01
56,Bengkulu,ID,2021-08-03 06:41:59,-3.8004,102.2655,82.63,80,99,8.59
57,Middelburg,ZA,2021-08-03 06:42:51,-25.7751,29.4648,53.01,48,0,3.36
58,Salinopolis,BR,2021-08-03 06:42:51,-0.6136,-47.3561,77.47,80,92,3.58
59,Mataura,NZ,2021-08-03 06:42:07,-46.1927,168.8643,37.89,95,7,1.28
60,Ilulissat,GL,2021-08-03 06:42:16,69.2167,-51.1,42.82,87,90,5.75
61,Hilo,US,2021-08-03 06:42:12,19.7297,-155.09,73.13,87,90,5.75
62,Tacuarembo,UY,2021-08-03 06:42:52,-31.7333,-55.9833,42.17,90,0,2.08
63,New Norfolk,AU,2021-08-03 06:42:13,-42.7826,147.0587,51.71,65,100,1.3
64,Kattivakkam,IN,2021-08-03 06:42:52,13.2167,80.3167,93.29,44,98,9.08
65,Butaritari,KI,2021-08-03 06:41:47,3.0707,172.7902,81.81,73,85,5.23
66,Makasar,ID,2021-08-03 06:40:16,-5.14,119.4221,89.65,55,20,8.05
67,Dunedin,NZ,2021-08-03 06:39:08,-45.8742,170.5036,46.8,64,28,14.0
68,Acarau,BR,2021-08-03 06:42:53,-2.8856,-40.12,73.54,84,69,1.88
69,Soyo,AO,2021-08-03 06:42:53,-6.1349,12.3689,71.65,85,68,5.84
70,Dingle,PH,2021-08-03 06:42:53,10.9995,122.6711,87.48,66,100,15.37
71,Alofi,NU,2021-08-03 06:42:54,-19.0595,-169.9187,71.49,78,51,4.61
72,Oktyabrskiy,RU,2021-08-03 06:42:54,54.4815,53.471,93.83,23,18,7.23
73,Yellowknife,CA,2021-08-03 06:40:07,62.456,-114.3525,71.29,68,40,6.91
74,Leh,IN,2021-08-03 06:42:54,34.1667,77.5833,69.78,28,21,6.64
75,Padang,ID,2021-08-03 06:42:17,-0.9492,100.3543,84.65,75,50,6.11
76,Djenne,ML,2021-08-03 06:42:55,13.9061,-4.5533,81.05,70,100,9.91
77,Tsumeb,NA,2021-08-03 06:42:55,-19.2333,17.7167,44.15,30,0,15.08
78,Zeya,RU,2021-08-03 06:42:56,53.75,127.2667,80.11,50,99,3.22
79,Arraial Do Cabo,BR,2021-08-03 06:42:02,-22.9661,-42.0278,65.26,84,0,11.56
80,Albany,US,2021-08-03 06:41:02,42.6001,-73.9662,56.44,88,0,3.4
81,Dunning,GB,2021-08-03 06:42:56,56.312,-3.5861,55.26,87,95,2.04
82,Dicabisagan,PH,2021-08-03 06:42:56,17.0818,122.4157,92.52,58,100,6.4
83,Airai,TL,2021-08-03 06:42:57,-8.9266,125.4092,74.44,41,100,5.06
84,Victoria,HK,2021-08-03 06:38:35,22.2855,114.1577,85.96,91,100,1.01
85,Kapaa,US,2021-08-03 06:42:07,22.0752,-159.319,82.38,78,40,5.01
86,Jamestown,US,2021-08-03 06:38:11,42.097,-79.2353,58.59,97,1,3.0
87,Hithadhoo,MV,2021-08-03 06:42:15,-0.6,73.0833,82.81,72,98,10.45
88,Avera,US,2021-08-03 06:42:57,33.194,-82.5271,74.08,80,100,4.29
89,Nikolskoye,RU,2021-08-03 06:42:58,59.7035,30.7861,63.81,69,48,13.87
90,Bethanien,NA,2021-08-03 06:42:58,-26.502,17.1583,61.92,25,0,8.23
91,Okato,NZ,2021-08-03 06:42:58,-39.2,173.8833,49.42,87,70,8.84
92,Bambous Virieux,MU,2021-08-03 06:42:04,-20.3428,57.7575,75.22,64,20,12.66
93,Carauari,BR,2021-08-03 06:42:59,-4.8828,-66.8958,73.36,55,97,2.1
94,Praia,CV,2021-08-03 06:42:59,14.9215,-23.5087,77.54,83,20,8.05
95,Port Alfred,ZA,2021-08-03 06:41:56,-33.5906,26.891,60.73,59,0,8.55
96,Castro,BR,2021-08-03 06:42:01,-24.7911,-50.0119,44.29,96,3,2.59
97,Saskylakh,RU,2021-08-03 06:43:00,71.9167,114.0833,75.94,37,100,9.53
98,Kibungo,RW,2021-08-03 06:43:00,-2.1597,30.5427,72.52,39,74,3.09
99,Thompson,CA,2021-08-03 06:41:57,55.7435,-97.8558,53.76,76,20,0.0
100,College,US,2021-08-03 06:38:18,64.8569,-147.8028,80.58,45,20,6.91
101,Luderitz,NA,2021-08-03 06:43:01,-26.6481,15.1594,67.78,32,0,5.64
102,Kalmunai,LK,2021-08-03 06:43:01,7.4167,81.8167,91.53,46,95,9.33
103,Malpe,IN,2021-08-03 06:43:01,13.35,74.7167,79.9,78,40,13.06
104,Villazon,BO,2021-08-03 06:43:02,-22.0866,-65.5942,34.02,74,100,1.01
105,Ambulu,ID,2021-08-03 06:43:02,-8.345,113.6058,81.19,77,42,9.55
106,Namibe,AO,2021-08-03 06:43:02,-15.1961,12.1522,70.45,72,0,8.81
107,Temiscaming,CA,2021-08-03 06:43:03,46.7212,-79.0971,62.15,77,89,3.44
108,Jumla,NP,2021-08-03 06:43:03,29.2747,82.1838,70.74,82,90,4.09
109,Okhotsk,RU,2021-08-03 06:43:03,59.3833,143.3,58.23,61,100,11.54
110,Sao Filipe,CV,2021-08-03 06:43:04,14.8961,-24.4956,76.66,82,73,4.72
111,Whitefish,US,2021-08-03 06:42:13,48.4111,-114.3376,68.38,97,90,0.0
112,Roald,NO,2021-08-03 06:43:04,62.5833,6.1333,57.16,67,40,6.91
113,San Agustin,MX,2021-08-03 06:43:04,20.5333,-103.4667,67.32,77,75,3.44
114,Vestmannaeyjar,IS,2021-08-03 06:43:05,63.4427,-20.2734,53.83,86,99,10.11
115,Poya,NC,2021-08-03 06:43:05,-21.35,165.15,66.67,72,0,6.96
116,Novaya Mayna,RU,2021-08-03 06:43:06,54.15,49.75,91.44,25,6,5.7
117,Jashpurnagar,IN,2021-08-03 06:43:06,22.9,84.15,78.28,75,100,8.25
118,Campos Altos,BR,2021-08-03 06:43:06,-19.6961,-46.1714,54.28,70,0,1.9
119,Constitucion,CL,2021-08-03 06:42:11,-35.3333,-72.4167,51.06,74,0,4.34
120,Kroya,ID,2021-08-03 06:43:07,-7.6331,109.2461,78.78,82,89,12.82
121,Leningradskiy,RU,2021-08-03 06:42:05,69.3833,178.4167,32.74,99,100,5.84
122,Anastacio,BR,2021-08-03 06:43:07,-20.4836,-55.8069,60.04,62,0,4.27
123,Los Llanos De Aridane,ES,2021-08-03 06:43:07,28.6585,-17.9182,67.75,90,20,9.22
124,Sovetskiy,RU,2021-08-03 06:41:56,61.3614,63.5842,75.04,46,4,5.41
125,Ponta Do Sol,PT,2021-08-03 06:41:56,32.6667,-17.1,71.01,71,29,6.89
126,Skelleftea,SE,2021-08-03 06:43:08,64.7507,20.9528,64.99,44,0,1.01
127,Geraldton,AU,2021-08-03 06:43:08,-28.7667,114.6,65.12,55,0,10.36
128,Abu Dhabi,AE,2021-08-03 06:42:28,24.4667,54.3667,107.71,14,0,5.75
129,Batemans Bay,AU,2021-08-03 06:43:09,-35.7167,150.1833,61.92,49,12,11.48
130,Salalah,OM,2021-08-03 06:43:09,17.0151,54.0924,80.69,89,90,10.36
131,Matay,EG,2021-08-03 06:43:09,28.419,30.7792,93.2,26,0,6.22
132,Nouadhibou,MR,2021-08-03 06:42:23,20.931,-17.0347,67.98,94,99,8.05
133,Sulangan,PH,2021-08-03 06:43:10,11.1373,123.7228,86.61,72,100,21.59
134,Eureka,US,2021-08-03 06:43:10,40.8021,-124.1637,60.67,93,55,1.01
135,Morehead,US,2021-08-03 06:43:10,37.2711,-87.1764,62.83,97,1,0.0
136,Mandera,KE,2021-08-03 06:43:11,3.9366,41.867,79.86,51,91,15.43
137,Mbaiki,CF,2021-08-03 06:43:11,3.8678,17.9892,77.29,70,99,2.24
138,Shimsk,RU,2021-08-03 06:43:11,58.212,30.7127,63.97,63,88,14.72
139,Ostrovnoy,RU,2021-08-03 06:42:02,68.0531,39.5131,51.19,96,100,6.58
140,Beringovskiy,RU,2021-08-03 06:42:09,63.05,179.3167,46.42,94,100,12.33
141,Namatanai,PG,2021-08-03 06:43:12,-3.6667,152.4333,83.01,76,90,5.35
142,Manggar,ID,2021-08-03 06:43:12,-2.8833,108.2667,85.91,67,96,13.13
143,Hobyo,SO,2021-08-03 06:43:13,5.3505,48.5268,83.39,60,24,24.23
144,Kailua,US,2021-08-03 06:42:01,21.4022,-157.7394,80.58,69,75,14.97
145,Prieska,ZA,2021-08-03 06:43:13,-29.6641,22.7474,58.93,17,0,4.79
146,Tengushevo,RU,2021-08-03 06:43:14,54.7686,42.7189,77.95,57,80,12.3
147,Porosozero,RU,2021-08-03 06:43:14,62.7191,32.727,58.89,99,100,3.31
148,Kirakira,SB,2021-08-03 06:43:14,-10.4544,161.9205,78.01,74,100,8.59
149,Severo-Kurilsk,RU,2021-08-03 06:42:08,50.6789,156.125,53.6,77,89,12.77
150,Touros,BR,2021-08-03 06:43:15,-5.1989,-35.4608,72.5,89,25,13.6
151,Norman Wells,CA,2021-08-03 06:43:08,65.282,-126.8329,73.44,46,40,2.3
152,Longyearbyen,SJ,2021-08-03 06:42:30,78.2186,15.6401,44.44,70,40,13.8
153,Bethel,US,2021-08-03 06:37:41,41.3712,-73.414,65.48,85,1,3.44
154,Kashan,IR,2021-08-03 06:43:15,33.9831,51.4364,90.23,13,21,5.99
155,Aksu,CN,2021-08-03 06:43:16,41.1231,80.2644,88.97,17,48,6.85
156,Corn Island,NI,2021-08-03 06:43:16,12.1694,-83.0418,81.21,82,100,9.24
157,Tahta,EG,2021-08-03 06:43:16,26.7693,31.5021,91.72,12,0,1.41
158,Terney,RU,2021-08-03 06:43:17,45.0503,136.6092,71.53,86,84,5.3
159,Simbahan,PH,2021-08-03 06:43:17,6.3032,120.5836,85.39,72,99,12.3
160,Almenara,BR,2021-08-03 06:43:17,-16.1836,-40.6944,56.71,97,8,2.35
161,Lasa,IT,2021-08-03 06:42:35,46.6166,10.7002,58.08,80,86,3.51
162,Clyde River,CA,2021-08-03 06:41:06,70.4692,-68.5914,35.83,100,75,5.75
163,Lebu,CL,2021-08-03 06:42:06,-37.6167,-73.65,50.9,93,70,18.52
164,Tuktoyaktuk,CA,2021-08-03 06:42:31,69.4541,-133.0374,39.87,88,100,12.08
165,Sabha,LY,2021-08-03 06:41:51,27.0377,14.4283,91.85,11,0,12.46
166,Batticaloa,LK,2021-08-03 06:43:18,7.7102,81.6924,91.35,47,94,5.03
167,Flinders,AU,2021-08-03 06:43:18,-34.5833,150.8552,63.21,59,7,15.57
168,Yulara,AU,2021-08-03 06:42:04,-25.2406,130.9889,64.24,32,0,9.22
169,Oussouye,SN,2021-08-03 06:43:19,12.485,-16.5469,80.69,92,98,7.09
170,Sisimiut,GL,2021-08-03 06:43:19,66.9395,-53.6735,47.93,90,99,5.39
171,Cairns,AU,2021-08-03 06:43:19,-16.9167,145.7667,86.95,54,9,11.5
172,Umm Lajj,SA,2021-08-03 06:43:20,25.0213,37.2685,94.69,36,5,8.88
173,Puerto Ayora,EC,2021-08-03 06:43:20,-0.7393,-90.3518,70.21,91,66,8.16
174,Te Anau,NZ,2021-08-03 06:41:52,-45.4167,167.7167,38.5,90,13,3.09
175,Gamba,GA,2021-08-03 06:42:20,-2.65,10.0,75.16,84,100,2.21
176,Canatlan,MX,2021-08-03 06:43:21,24.5167,-104.7833,62.33,79,80,2.91
177,Pochutla,MX,2021-08-03 06:43:21,15.7432,-96.4661,78.82,87,95,4.05
178,Puerto Del Rosario,ES,2021-08-03 06:43:21,28.5004,-13.8627,71.35,78,75,6.91
179,Yantal,RU,2021-08-03 06:43:22,56.8471,105.2542,65.3,66,100,6.87
180,Mecca,SA,2021-08-03 06:40:38,21.4267,39.8261,97.93,34,100,21.32
181,Waipawa,NZ,2021-08-03 06:43:22,-41.4122,175.5153,47.03,92,100,23.98
182,Mahebourg,MU,2021-08-03 06:43:22,-20.4081,57.7,75.25,64,20,12.66
183,Sawakin,SD,2021-08-03 06:43:23,19.1059,37.3321,95.49,45,90,16.15
184,Lavrentiya,RU,2021-08-03 06:43:23,65.5833,-171.0,45.73,99,100,8.84
185,Mega,ET,2021-08-03 06:43:23,4.05,38.3,63.82,54,23,15.95
186,Biak,ID,2021-08-03 06:43:24,-0.9131,122.8766,83.03,67,90,7.29
187,Chuy,UY,2021-08-03 06:43:24,-33.6971,-53.4616,47.21,96,8,3.29
188,Ugoofaaru,MV,2021-08-03 06:43:24,5.6667,73.0,82.56,73,99,8.46
189,Camopi,GF,2021-08-03 06:43:24,3.1655,-52.3158,71.22,98,100,1.79
190,Virginia Beach,US,2021-08-03 06:40:02,36.8529,-75.978,75.24,82,75,4.61
191,Palmer,US,2021-08-03 06:43:25,42.1584,-72.3287,60.85,86,1,3.44
192,Mayo,US,2021-08-03 06:43:25,38.8876,-76.5119,68.22,92,1,0.0
193,Puerto Escondido,MX,2021-08-03 06:43:26,15.85,-97.0667,78.78,83,51,4.47
194,Upernavik,GL,2021-08-03 06:42:10,72.7868,-56.1549,44.22,82,100,16.24
195,Sibolga,ID,2021-08-03 06:43:26,1.7427,98.7792,86.29,66,76,6.82
196,Kahului,US,2021-08-03 06:43:26,20.8947,-156.47,77.85,81,20,14.97
197,Maningrida,AU,2021-08-03 06:43:17,-12.0667,134.2667,83.39,58,96,12.8
198,Kaitangata,NZ,2021-08-03 06:42:22,-46.2817,169.8464,44.92,71,3,3.87
199,Kitami,JP,2021-08-03 06:43:27,43.8031,143.8908,83.66,88,81,4.61
200,Gizo,SB,2021-08-03 06:43:27,-8.103,156.8419,80.58,82,100,9.31
201,Sao Felix Do Xingu,BR,2021-08-03 06:42:20,-6.6447,-51.995,66.76,60,5,1.86
202,Mehamn,NO,2021-08-03 06:43:28,71.0357,27.8492,53.51,77,76,10.2
203,Misratah,LY,2021-08-03 06:38:42,32.3754,15.0925,86.76,53,0,4.21
204,Lappeenranta,FI,2021-08-03 06:43:28,61.0587,28.1887,60.85,95,75,10.36
205,Nabire,ID,2021-08-03 06:42:13,-3.3667,135.4833,84.65,74,28,4.56
206,San Policarpo,PH,2021-08-03 06:43:29,12.1791,125.5072,92.7,53,100,10.13
207,Menongue,AO,2021-08-03 06:43:29,-14.6585,17.691,63.34,36,0,5.97
208,Isangel,VU,2021-08-03 06:41:45,-19.55,169.2667,77.11,57,20,4.61
209,Taltal,CL,2021-08-03 06:43:29,-25.4,-70.4833,57.33,79,22,3.38
210,Storm Lake,US,2021-08-03 06:43:30,42.6411,-95.2097,61.3,94,1,5.75
211,Jacareacanga,BR,2021-08-03 06:43:25,-6.2222,-57.7528,74.71,60,100,0.56
212,Uyovu,TZ,2021-08-03 06:43:30,-3.2833,31.5258,76.21,36,13,4.92
213,Jucas,BR,2021-08-03 06:43:31,-6.5253,-39.5275,67.6,78,6,5.23
214,Jaspur,IN,2021-08-03 06:43:31,29.2833,78.8167,93.16,56,43,11.61
215,Tilichiki,RU,2021-08-03 06:43:31,60.4667,166.1,50.23,53,98,17.09
216,Santiago Del Estero,AR,2021-08-03 06:42:46,-27.7951,-64.2615,52.09,46,6,6.22
217,Narsaq,GL,2021-08-03 06:42:29,60.9167,-46.05,44.82,99,100,3.36
218,Bubaque,GW,2021-08-03 06:42:30,11.2833,-15.8333,78.55,82,57,12.1
219,Milton,US,2021-08-03 06:43:32,34.1322,-84.3007,73.49,94,100,3.67
220,Ketchikan,US,2021-08-03 06:43:32,55.3422,-131.6461,57.67,88,1,4.61
221,Tiznit,MA,2021-08-03 06:43:33,29.5833,-9.5,65.82,71,0,0.6
222,Talnakh,RU,2021-08-03 06:43:33,69.4865,88.3972,82.42,32,100,7.54
223,Knysna,ZA,2021-08-03 06:43:33,-34.0363,23.0471,71.98,41,0,9.08
224,Natchez,US,2021-08-03 06:43:33,31.5604,-91.4032,74.25,97,1,3.44
225,Chirongui,YT,2021-08-03 06:43:34,-12.9319,45.1483,80.53,69,0,8.59
226,Tayga,RU,2021-08-03 06:43:34,56.06,85.6197,73.26,72,71,5.93
227,Hualmay,PE,2021-08-03 06:43:34,-11.0964,-77.6139,62.55,87,45,9.64
228,Atbasar,KZ,2021-08-03 06:43:35,51.8,68.3333,83.39,32,6,10.63
229,Urucara,BR,2021-08-03 06:43:35,-2.5364,-57.76,70.97,93,90,2.48
230,Markovo,RU,2021-08-03 06:43:35,57.3206,107.0881,63.88,71,100,3.69
231,Bhiwani,IN,2021-08-03 06:43:36,28.7833,76.1333,96.12,46,58,9.69
232,Pontianak,ID,2021-08-03 06:43:36,-0.0333,109.3333,93.18,59,40,6.91
233,East London,ZA,2021-08-03 06:41:54,-33.0153,27.9116,54.54,87,0,3.44
234,Miyako,JP,2021-08-03 06:43:36,39.6367,141.9525,85.06,73,100,6.51
235,Kavaratti,IN,2021-08-03 06:42:31,10.5669,72.642,82.2,74,65,16.87
236,Huarmey,PE,2021-08-03 06:43:37,-10.0681,-78.1522,63.25,88,56,9.55
237,Lazaro Cardenas,MX,2021-08-03 06:43:38,17.9583,-102.2,79.03,88,99,3.47
238,Cascais,PT,2021-08-03 06:43:38,38.6979,-9.4215,64.98,77,20,11.01
239,Greytown,ZA,2021-08-03 06:43:38,-29.0642,30.5928,52.14,75,54,5.73
240,Perth,AU,2021-08-03 06:42:26,-31.9333,115.8333,65.03,57,75,1.14
241,Cananea,MX,2021-08-03 06:43:39,30.95,-110.3,69.75,69,76,1.86
242,San Juan,AR,2021-08-03 06:43:39,-31.5375,-68.5364,52.0,35,0,2.57
243,Black River,JM,2021-08-03 06:43:39,18.0264,-77.8487,82.4,84,100,3.18
244,Tupik,RU,2021-08-03 06:43:40,54.4253,119.9327,67.57,88,82,1.92
245,Mormugao,IN,2021-08-03 06:43:40,15.4,73.8,83.46,89,75,12.66
246,Khatanga,RU,2021-08-03 06:41:51,71.9667,102.5,81.36,36,100,13.58
247,Port Hedland,AU,2021-08-03 06:43:40,-20.3167,118.5667,78.85,14,7,12.66
248,Monrovia,LR,2021-08-03 06:43:40,6.3005,-10.7969,73.17,78,75,1.16
249,Ancud,CL,2021-08-03 06:43:41,-41.8697,-73.8203,44.13,94,81,6.78
250,Quatre Cocos,MU,2021-08-03 06:43:41,-20.2078,57.7625,75.09,45,0,8.05
251,Rocha,UY,2021-08-03 06:43:41,-34.4833,-54.3333,44.73,92,0,4.99
252,Heze,CN,2021-08-03 06:39:08,35.2431,115.4411,89.78,52,2,5.91
253,Batagay-Alyta,RU,2021-08-03 06:43:42,67.8006,130.4114,75.78,19,7,6.73
254,North Platte,US,2021-08-03 06:42:01,41.1239,-100.7654,67.01,70,1,7.0
255,North Bend,US,2021-08-03 06:43:42,43.4065,-124.2243,55.85,97,90,6.91
256,Angol,CL,2021-08-03 06:43:43,-37.8,-72.7167,52.2,81,99,8.01
257,Bonavista,CA,2021-08-03 06:43:43,48.6499,-53.1147,59.11,98,100,17.6
258,Tiksi,RU,2021-08-03 06:43:43,71.6872,128.8694,48.24,65,100,9.75
259,Naberera,TZ,2021-08-03 06:43:44,-4.2,36.9333,60.4,74,100,9.06
260,Port Arthur,CN,2021-08-03 06:43:44,38.8,121.2667,80.82,47,0,11.86
261,George,ZA,2021-08-03 06:39:15,-33.963,22.4617,69.35,30,0,17.27
262,Mackenzie,CA,2021-08-03 06:43:44,55.2999,-123.1698,62.82,94,40,0.0
263,Port Lincoln,AU,2021-08-03 06:42:28,-34.7333,135.8667,55.67,67,13,16.91
264,Peniche,PT,2021-08-03 06:43:45,39.3558,-9.3811,64.72,90,94,17.74
265,Itaocara,BR,2021-08-03 06:42:10,-21.6692,-42.0761,58.05,94,0,1.3
266,Lubao,PH,2021-08-03 06:43:45,14.9167,120.55,89.62,85,100,15.57
267,Svetlogorsk,BY,2021-08-03 06:43:25,52.6333,29.7333,69.17,54,0,9.06
268,Kieta,PG,2021-08-03 06:43:46,-6.2167,155.6333,81.37,81,99,4.34
269,Pangody,RU,2021-08-03 06:43:46,65.85,74.4859,74.28,44,9,11.07
270,Sambava,MG,2021-08-03 06:43:47,-14.2667,50.1667,74.64,64,0,8.59
271,Panguna,PG,2021-08-03 06:43:47,-6.3164,155.4848,73.24,91,100,0.92
272,Atikokan,CA,2021-08-03 06:43:47,48.7555,-91.6216,59.72,59,68,5.03
273,Port Augusta,AU,2021-08-03 06:43:48,-32.5,137.7667,57.7,50,95,11.59
274,Mount Gambier,AU,2021-08-03 06:42:21,-37.8333,140.7667,49.91,66,90,19.57
275,Helegiu,RO,2021-08-03 06:43:48,46.35,26.75,71.78,72,21,5.06
276,Port Hardy,CA,2021-08-03 06:43:48,50.6996,-127.4199,53.78,87,20,8.05
277,Imbituba,BR,2021-08-03 06:43:49,-28.24,-48.6703,57.09,92,18,8.68
278,Nanortalik,GL,2021-08-03 06:42:01,60.1432,-45.2371,43.77,97,100,9.93
279,Akyab,MM,2021-08-03 06:43:49,20.15,92.9,81.36,84,99,10.96
280,Mangrol,IN,2021-08-03 06:43:49,21.1167,70.1167,83.91,78,100,21.3
281,Pringsewu,ID,2021-08-03 06:42:05,-5.3582,104.9744,87.22,61,100,2.91
282,Sur,OM,2021-08-03 06:42:32,22.5667,59.5289,97.09,42,5,5.41
283,Saumur,FR,2021-08-03 06:43:51,47.3333,-0.25,59.9,85,100,7.31
284,Cabo San Lucas,MX,2021-08-03 06:43:46,22.8909,-109.9124,86.81,70,100,11.01
285,Northam,GB,2021-08-03 06:43:51,51.0333,-4.2167,58.71,97,100,1.1
286,El Cobre,CU,2021-08-03 06:43:52,20.0489,-75.9469,78.24,100,20,5.75
287,Tocopilla,CL,2021-08-03 06:43:52,-22.092,-70.1979,61.36,67,1,3.04
288,Sakakah,SA,2021-08-03 06:43:52,29.9697,40.2064,90.97,14,0,5.55
289,Cayenne,GF,2021-08-03 06:43:53,4.9333,-52.3333,77.09,89,89,1.14
290,Hami,CN,2021-08-03 06:43:53,42.8,93.45,91.54,12,97,1.54
291,Ajdabiya,LY,2021-08-03 06:43:53,30.7554,20.2263,92.62,22,0,2.55
292,Novyy Urengoy,RU,2021-08-03 06:43:54,66.0833,76.6333,74.57,46,100,15.75
293,Hervey Bay,AU,2021-08-03 06:43:54,-25.2986,152.8535,73.51,76,61,5.99
294,Komatipoort,ZA,2021-08-03 06:43:54,-25.4332,31.9548,64.06,77,89,0.83
295,Vao,NC,2021-08-03 06:43:55,-22.6667,167.4833,67.35,72,16,9.1
296,Lompoc,US,2021-08-03 06:43:55,34.6391,-120.4579,64.08,92,90,4.61
297,Ulladulla,AU,2021-08-03 06:43:55,-35.35,150.4667,59.9,55,27,15.3
298,Ahipara,NZ,2021-08-03 06:43:56,-35.1667,173.1667,54.55,78,29,20.07
299,Comodoro Rivadavia,AR,2021-08-03 06:43:56,-45.8667,-67.5,48.06,34,0,12.66
300,Iqaluit,CA,2021-08-03 06:42:18,63.7506,-68.5145,42.53,100,90,0.0
301,Ayan,RU,2021-08-03 06:43:56,56.45,138.1667,53.38,92,100,6.15
302,Esperance,AU,2021-08-03 06:43:57,-33.8667,121.9,60.64,62,14,13.73
303,Haines Junction,CA,2021-08-03 06:43:57,60.7522,-137.5108,55.35,94,100,6.91
304,Devonport,AU,2021-08-03 06:43:57,-41.1667,146.35,49.08,91,100,5.88
305,Sarahan,IN,2021-08-03 06:43:58,31.5167,77.8,75.72,65,73,6.69
306,Anadyr,RU,2021-08-03 06:43:58,64.75,177.4833,48.7,93,75,13.0
307,Simpang,ID,2021-08-03 06:43:58,-1.2667,104.0833,85.62,72,99,2.37
308,Kavieng,PG,2021-08-03 06:43:59,-2.5744,150.7967,83.07,75,22,5.5
309,Qui Nhon,VN,2021-08-03 06:43:59,13.7667,109.2333,93.33,50,100,20.33
310,Hurghada,EG,2021-08-03 06:43:59,27.2574,33.8129,89.64,43,0,0.0
311,Katsuura,JP,2021-08-03 06:44:00,35.1333,140.3,91.51,80,9,11.61
312,Pingliang,CN,2021-08-03 06:44:00,35.5392,106.6861,73.9,57,100,12.44
313,Georgiyevskoye,RU,2021-08-03 06:44:00,58.731,45.024,78.35,60,100,9.51
314,Sobolevo,RU,2021-08-03 06:44:01,54.4299,31.8996,66.42,58,9,10.65
315,Fairbanks,US,2021-08-03 06:40:31,64.8378,-147.7164,80.6,51,1,4.61
316,Kuala Lipis,MY,2021-08-03 06:44:01,4.1842,102.0468,94.98,44,55,0.83
317,Nador,MA,2021-08-03 06:42:27,35.174,-2.9287,70.05,78,20,2.3
318,Portobelo,PA,2021-08-03 06:44:02,9.55,-79.65,77.74,87,100,3.11
319,Iracoubo,GF,2021-08-03 06:44:02,5.4802,-53.2011,77.31,82,97,4.05
320,Den Helder,NL,2021-08-03 06:42:57,52.9599,4.7593,61.95,83,75,5.75
321,Santa Cruz Del Norte,CU,2021-08-03 06:44:03,23.1539,-81.9236,74.01,77,97,4.21
322,Ximei,CN,2021-08-03 06:44:03,24.9639,118.3794,91.13,73,99,5.39
323,Amahai,ID,2021-08-03 06:44:03,-3.3333,128.9167,82.06,77,48,7.29
324,Kurumkan,RU,2021-08-03 06:44:04,54.3,110.3,74.7,40,36,8.01
325,Kralendijk,BQ,2021-08-03 06:44:04,12.15,-68.2667,80.58,83,20,13.8
326,Ambilobe,MG,2021-08-03 06:44:04,-13.2,49.05,84.78,45,4,0.89
327,Namasuba,UG,2021-08-03 06:44:04,0.6894,32.4214,79.11,41,32,0.67
328,Aljezur,PT,2021-08-03 06:44:05,37.3191,-8.8033,65.03,71,100,7.52
329,Caetite,BR,2021-08-03 06:44:06,-14.0694,-42.475,53.06,91,25,7.23
330,Provideniya,RU,2021-08-03 06:42:24,64.3833,-173.3,51.91,87,90,11.18
331,Mosquera,CO,2021-08-03 06:44:07,4.7059,-74.2302,55.49,71,75,11.5
332,Kutum,SD,2021-08-03 06:44:07,14.2,24.6667,77.68,60,14,14.16
333,Adrar,MR,2021-08-03 06:41:54,20.5022,-10.0711,85.78,48,90,15.43
334,Yangjiang,CN,2021-08-03 06:44:07,21.85,111.9667,83.84,80,100,0.69
335,Sistranda,NO,2021-08-03 06:44:08,63.7256,8.834,53.56,68,100,3.38
336,Campbell River,CA,2021-08-03 06:44:08,50.0163,-125.2446,65.73,73,0,7.54
337,Matamoros,MX,2021-08-03 06:39:12,25.5333,-103.25,73.11,63,100,5.14
338,Bandarbeyla,SO,2021-08-03 06:44:09,9.4942,50.8122,88.07,48,100,28.61
339,Hasaki,JP,2021-08-03 06:42:17,35.7333,140.8333,95.29,81,5,14.36
340,Kishtwar,IN,2021-08-03 06:44:09,33.3167,75.7667,85.08,46,0,5.19
341,Aniva,RU,2021-08-03 06:44:09,46.7144,142.5294,64.51,91,100,9.13
342,Nelson Bay,AU,2021-08-03 06:39:39,-32.7167,152.15,68.0,46,0,21.7
343,San Patricio,US,2021-08-03 06:44:10,28.017,-97.5169,84.85,77,100,6.89
344,Aklavik,CA,2021-08-03 06:42:18,68.2191,-135.0107,49.03,94,100,11.59
345,Hue,VN,2021-08-03 06:44:10,16.4667,107.6,98.71,39,40,8.05
346,Bhinga,IN,2021-08-03 06:44:11,27.7167,81.9333,91.38,61,75,9.6
347,Kalianget,ID,2021-08-03 06:44:11,-7.05,113.9333,85.3,66,59,12.03
348,Luan,CH,2021-08-03 06:44:11,46.3592,6.9759,54.55,85,92,2.44
349,Jalu,LY,2021-08-03 06:44:12,29.0331,21.5482,91.54,23,0,8.34
350,Brae,GB,2021-08-03 06:42:02,60.3964,-1.353,51.71,76,100,5.17
351,Cabedelo,BR,2021-08-03 06:44:12,-6.9811,-34.8339,72.27,87,58,8.72
352,Broome,US,2021-08-03 06:44:13,42.2506,-75.833,55.56,85,0,0.98
353,Husavik,IS,2021-08-03 06:44:13,66.0449,-17.3389,51.71,89,100,3.62
354,Kirovohrad,UA,2021-08-03 06:44:13,48.5132,32.2597,73.96,62,87,9.55
355,Petropavlovsk-Kamchatskiy,RU,2021-08-03 06:44:14,53.0452,158.6483,59.59,63,75,8.95
356,Nome,US,2021-08-03 06:44:14,64.5011,-165.4064,62.67,78,90,13.8
357,Cockburn Town,TC,2021-08-03 06:40:37,21.4612,-71.1419,81.39,77,15,20.69
358,Poum,NC,2021-08-03 06:44:14,-20.2333,164.0167,70.0,64,0,11.1
359,Vero Beach,US,2021-08-03 06:44:15,27.6386,-80.3973,78.98,91,1,1.01
360,Abomsa,ET,2021-08-03 06:44:15,9.9833,39.9833,74.86,61,100,3.62
361,Berck,FR,2021-08-03 06:44:15,50.4,1.6,58.98,94,0,5.75
362,Brusque,BR,2021-08-03 06:42:20,-27.0981,-48.9175,59.99,97,80,1.36
363,Ocos,GT,2021-08-03 06:44:16,14.5094,-92.1933,81.68,84,100,4.36
364,Shingu,JP,2021-08-03 06:44:17,33.7333,135.9833,87.91,76,91,4.7
365,Soure,BR,2021-08-03 06:41:25,-0.7167,-48.5233,77.23,78,21,2.37
366,Portland,US,2021-08-03 06:42:26,45.5234,-122.6762,78.44,69,20,1.99
367,Chapais,CA,2021-08-03 06:44:17,49.7834,-74.8492,58.78,96,100,9.93
368,Charters Towers,AU,2021-08-03 06:44:18,-20.1,146.2667,81.95,28,5,4.29
369,Basoko,CD,2021-08-03 06:44:18,1.2391,23.616,80.53,64,65,3.15
370,San Cristobal,VE,2021-08-03 06:44:18,7.7669,-72.225,63.43,97,90,4.68
371,Naze,JP,2021-08-03 06:44:19,28.3667,129.4833,85.12,79,8,17.13
372,Port-Gentil,GA,2021-08-03 06:44:19,-0.7193,8.7815,75.7,86,95,8.43
373,Mandalgovi,MN,2021-08-03 06:44:19,45.7625,106.2708,54.48,77,100,16.71
374,Muros,ES,2021-08-03 06:44:19,42.7762,-9.0603,60.98,92,38,4.63
375,Porbandar,IN,2021-08-03 06:40:09,21.6422,69.6093,82.38,89,75,9.22
376,Faanui,PF,2021-08-03 06:42:08,-16.4833,-151.75,78.44,78,37,12.33
377,Tabuk,PH,2021-08-03 06:44:20,17.4189,121.4443,91.9,54,100,2.15
378,Krasnomayskiy,RU,2021-08-03 06:44:20,57.6194,34.4099,63.34,68,81,11.88
379,Mvuma,ZW,2021-08-03 06:44:21,-19.2792,30.5283,60.46,32,0,10.22
380,Chumphon,TH,2021-08-03 06:44:21,10.3333,98.8333,82.38,86,100,10.67
381,Georgetown,MY,2021-08-03 06:42:09,5.4112,100.3354,89.55,66,40,9.22
382,Eyl,SO,2021-08-03 06:44:21,7.9803,49.8164,88.86,39,29,30.91
383,Mogadishu,SO,2021-08-03 06:44:22,2.0371,45.3438,78.67,65,75,10.36
384,Yatou,CN,2021-08-03 06:44:22,37.15,122.3833,82.8,68,32,5.57
385,Kudahuvadhoo,MV,2021-08-03 06:42:26,2.6708,72.8944,82.42,69,100,3.2
386,Morki,RU,2021-08-03 06:44:22,56.4303,48.9947,85.14,42,32,11.23
387,Bathsheba,BB,2021-08-03 06:44:23,13.2167,-59.5167,81.21,78,20,10.36
388,Saint Anthony,US,2021-08-03 06:44:23,45.0205,-93.218,67.82,74,1,0.0
389,Kusti,SD,2021-08-03 06:44:23,13.1629,32.6635,82.26,59,80,16.49
390,Dubuque,US,2021-08-03 06:40:25,42.4833,-90.8668,62.49,77,1,0.0
391,Dyersburg,US,2021-08-03 06:42:49,36.0345,-89.3856,69.94,83,1,4.61
392,Shaoyang,CN,2021-08-03 06:44:24,27.2315,111.4525,92.03,54,100,10.29
393,Baruun-Urt,MN,2021-08-03 06:43:20,46.6806,113.2792,69.82,57,100,15.12
394,Aksum,ET,2021-08-03 06:44:25,14.1245,38.7244,60.12,84,100,5.12
395,Antofagasta,CL,2021-08-03 06:41:53,-23.65,-70.4,56.48,73,0,1.01
396,Svetlyy,RU,2021-08-03 06:44:25,54.675,20.1347,64.45,75,17,14.16
397,Bambanglipuro,ID,2021-08-03 06:44:25,-7.95,110.2833,79.27,80,91,14.92
398,Williamsport,US,2021-08-03 06:44:26,41.2412,-77.0011,59.52,94,1,3.44
399,Itarema,BR,2021-08-03 06:44:26,-2.9248,-39.9167,72.72,87,93,3.71
400,Manavalakurichi,IN,2021-08-03 06:44:26,8.1333,77.3,86.09,62,100,19.39
401,Luanda,AO,2021-08-03 06:40:01,-8.8368,13.2343,71.6,88,75,6.91
402,Thinadhoo,MV,2021-08-03 06:41:57,0.5333,72.9333,83.01,71,99,7.56
403,Kiruna,SE,2021-08-03 06:44:27,67.8557,20.2251,47.32,71,0,3.44
404,Rock Springs,US,2021-08-03 06:44:27,41.5875,-109.2029,65.05,79,90,5.99
405,Muyezerskiy,RU,2021-08-03 06:44:27,63.9333,31.65,55.72,98,100,12.19
406,Boke,GN,2021-08-03 06:44:28,10.9409,-14.2967,71.13,97,13,2.77
407,Victor Harbor,AU,2021-08-03 06:42:35,-35.5667,138.6167,55.49,68,44,14.99
408,Zhanaozen,KZ,2021-08-03 06:44:28,43.3,52.8,98.47,9,99,5.93
409,Nara,JP,2021-08-03 06:44:29,34.6851,135.8049,87.17,76,100,1.34
410,Berlevag,NO,2021-08-03 06:44:29,70.8578,29.0864,53.55,71,0,2.3
411,Lorengau,PG,2021-08-03 06:44:29,-2.0226,147.2712,83.68,76,17,8.48
412,Taboga,IT,2021-08-03 06:44:30,46.2663,13.1092,73.42,66,5,3.65
413,Wendo,ET,2021-08-03 06:44:30,6.6,38.4167,66.38,64,33,4.81
414,Safranbolu,TR,2021-08-03 06:44:30,41.2508,32.6942,69.53,28,0,1.79
415,Mount Isa,AU,2021-08-03 06:44:30,-20.7333,139.5,71.37,18,40,16.11
416,Det Udom,TH,2021-08-03 06:44:31,14.906,105.0784,91.22,73,100,10.92
417,Tokur,RU,2021-08-03 06:44:31,53.1333,132.9,49.41,99,100,4.25
418,Dawson Creek,CA,2021-08-03 06:44:31,55.7666,-120.2362,67.35,88,1,3.44
419,Catamarca,AR,2021-08-03 06:44:32,-28.4696,-65.7852,56.59,46,5,1.01
420,Mayumba,GA,2021-08-03 06:44:32,-3.432,10.6554,74.26,90,100,0.89
421,Jiexiu,CN,2021-08-03 06:44:32,37.0244,111.9125,91.53,40,73,8.72
422,Okahandja,NA,2021-08-03 06:44:33,-21.9833,16.9167,57.51,36,0,12.97
423,Lakselv,NO,2021-08-03 06:44:33,70.0513,24.9718,55.22,58,0,2.3
424,Kidal,ML,2021-08-03 06:44:33,18.4411,1.4078,84.34,48,9,17.52
425,Jaca,ES,2021-08-03 06:44:34,42.569,-0.5499,61.0,88,81,3.2
426,Rioja,AR,2021-08-03 06:44:34,-29.4111,-66.8507,52.09,44,41,2.53
427,Svetlaya,RU,2021-08-03 06:44:34,46.5389,138.3297,67.77,85,78,9.95
428,Necochea,AR,2021-08-03 06:42:37,-38.5473,-58.7368,44.04,68,6,12.8
429,Fare,PF,2021-08-03 06:42:37,-16.7,-151.0167,78.87,76,29,13.49
430,Yauya,PE,2021-08-03 06:44:35,-8.9833,-77.3,42.12,84,29,3.0
431,Port Blair,IN,2021-08-03 06:41:47,11.6667,92.75,82.76,81,100,20.4
432,Ceres,US,2021-08-03 06:44:35,37.5949,-120.9577,77.79,40,1,10.36
433,Ouahigouya,BF,2021-08-03 06:44:36,13.5828,-2.4216,81.23,65,100,10.51
434,Vardo,NO,2021-08-03 06:44:36,70.3705,31.1107,52.0,76,0,12.66
435,Morondava,MG,2021-08-03 06:44:36,-20.2833,44.2833,76.33,38,0,5.61
436,Auki,SB,2021-08-03 06:44:37,-8.7676,160.7034,80.1,76,82,4.52
437,Temirtau,KZ,2021-08-03 06:44:37,50.0544,72.9483,82.65,29,19,12.17
438,Thiruvananthapuram,IN,2021-08-03 06:44:37,8.4833,76.9167,85.98,74,20,13.8
439,Hokitika,NZ,2021-08-03 06:44:38,-42.7167,170.9667,43.34,78,1,7.7
440,Wasilla,US,2021-08-03 06:44:38,61.5814,-149.4394,68.81,72,1,0.0
441,Ahuimanu,US,2021-08-03 06:44:39,21.4447,-157.8378,80.31,67,75,14.97
442,Port Hawkesbury,CA,2021-08-03 06:44:39,45.6169,-61.3485,59.81,95,90,5.99
443,Bobrovka,RU,2021-08-03 06:44:39,54.047,61.7455,83.23,39,100,11.48
444,Gimli,CA,2021-08-03 06:42:16,50.6336,-96.9907,69.82,60,2,8.05
445,Simao,CN,2021-08-03 06:44:42,22.7886,100.9748,77.49,77,47,0.87
446,Terrace Bay,CA,2021-08-03 06:43:07,48.7834,-87.1,60.42,74,98,2.84
447,Lyubim,RU,2021-08-03 06:44:42,58.3625,40.6843,68.38,60,100,10.4
448,Mudgee,AU,2021-08-03 06:44:42,-32.5943,149.5871,53.65,54,40,17.27
449,Sopur,IN,2021-08-03 06:44:43,34.3,74.4667,82.02,50,1,2.17
450,Salo,IT,2021-08-03 06:44:43,45.6086,10.531,71.78,77,39,2.19
451,Cherskiy,RU,2021-08-03 06:42:09,68.75,161.3,41.97,71,94,22.82
452,Saint George,US,2021-08-03 06:44:44,37.1041,-113.5841,91.99,29,1,1.01
453,Almeirim,BR,2021-08-03 06:44:44,-1.5233,-52.5817,70.95,86,6,2.46
454,Carcassonne,FR,2021-08-03 06:44:45,43.25,2.1667,68.67,72,0,1.14
455,Zhanakorgan,KZ,2021-08-03 06:44:45,43.9098,67.2495,102.27,13,100,18.57
456,Honningsvag,NO,2021-08-03 06:44:45,70.9821,25.9704,51.55,66,75,8.05
457,Kruisfontein,ZA,2021-08-03 06:44:45,-34.0033,24.7314,58.17,61,0,12.3
458,Anloga,GH,2021-08-03 06:44:46,5.7947,0.8973,77.22,91,100,14.03
459,Wanlaweyn,SO,2021-08-03 06:44:46,2.6185,44.8938,82.15,58,98,17.47
460,Basco,PH,2021-08-03 06:44:46,20.4487,121.9702,81.41,89,100,29.8
461,Marystown,CA,2021-08-03 06:44:47,47.1666,-55.1483,63.86,100,100,3.0
462,Gap,FR,2021-08-03 06:44:45,44.6667,6.0,43.07,57,96,1.63
463,Sola,VU,2021-08-03 06:44:47,-13.8833,167.55,75.87,73,20,0.0
464,Bourail,NC,2021-08-03 06:44:47,-21.5667,165.4833,65.62,73,0,6.8
465,Collierville,US,2021-08-03 06:43:16,35.042,-89.6645,72.84,84,20,6.91
466,Dali,CN,2021-08-03 06:44:48,25.7,100.1833,81.41,43,18,0.87
467,Paamiut,GL,2021-08-03 06:42:09,61.994,-49.6678,46.22,86,100,6.22
468,North Myrtle Beach,US,2021-08-03 06:43:48,33.816,-78.68,76.01,95,40,4.61
469,Qaqortoq,GL,2021-08-03 06:44:48,60.7167,-46.0333,45.1,99,100,4.03
470,Junin,AR,2021-08-03 06:44:49,-34.5838,-60.9433,41.99,69,0,7.85
471,Srednekolymsk,RU,2021-08-03 06:44:49,67.45,153.6833,55.33,35,8,15.21
472,Gwadar,PK,2021-08-03 06:44:19,25.1216,62.3254,83.62,75,38,8.66
473,Uyuni,BO,2021-08-03 06:44:50,-20.4597,-66.825,38.97,38,100,7.49
474,Klaksvik,FO,2021-08-03 06:42:32,62.2266,-6.589,49.12,91,100,14.25
475,Navirai,BR,2021-08-03 06:44:50,-23.065,-54.1906,50.54,67,0,4.45
476,Strezhevoy,RU,2021-08-03 06:42:05,60.7333,77.5889,67.98,93,100,6.31
477,Price,US,2021-08-03 06:44:50,39.5994,-110.8107,72.66,46,75,13.8
478,Skegness,GB,2021-08-03 06:44:51,53.1436,0.3363,60.06,77,89,7.25
479,San Lorenzo,PY,2021-08-03 06:42:47,-25.3333,-57.5333,47.59,81,0,3.0
480,Kargasok,RU,2021-08-03 06:44:51,59.0556,80.8572,57.87,94,100,3.78
481,Buckeburg,DE,2021-08-03 06:44:52,52.2607,9.0494,63.95,92,75,2.3
482,Solnechnyy,RU,2021-08-03 06:44:52,50.7214,136.6319,63.0,80,100,8.79
483,Tromso,NO,2021-08-03 06:44:52,69.6496,18.957,51.39,76,75,1.01
484,Praia Da Vitoria,PT,2021-08-03 06:44:52,38.7333,-27.0667,71.85,100,75,5.57
485,Mudhol,IN,2021-08-03 06:44:53,16.35,75.2833,83.89,56,100,20.04
486,Codrington,AU,2021-08-03 06:42:26,-38.2667,141.9667,48.61,70,98,21.18
487,Severo-Yeniseyskiy,RU,2021-08-03 06:44:53,60.3725,93.0408,66.63,57,100,1.92
488,Pucallpa,PE,2021-08-03 06:44:54,-8.3791,-74.5539,65.8,77,5,2.01
489,Maarianhamina,AX,2021-08-03 06:44:54,60.0973,19.9348,62.46,63,20,11.5
490,Voyvozh,RU,2021-08-03 06:44:54,62.892,54.9635,72.36,54,100,5.73
491,Bulalacao,PH,2021-08-03 06:44:54,12.3254,121.3435,83.05,83,100,20.96
492,Meulaboh,ID,2021-08-03 06:44:55,4.1363,96.1285,86.0,65,26,9.57
493,Woodward,US,2021-08-03 06:44:55,36.4337,-99.3904,68.74,73,1,0.0
494,Roseburg,US,2021-08-03 06:44:55,43.2165,-123.3417,79.29,43,1,5.75
495,Maniitsoq,GL,2021-08-03 06:44:56,65.4167,-52.9,46.6,87,81,10.78
496,Yerbogachen,RU,2021-08-03 06:44:56,61.2767,108.0108,77.97,41,98,6.58
497,Flin Flon,CA,2021-08-03 06:44:56,54.7682,-101.865,63.72,70,41,5.41
498,West Fargo,US,2021-08-03 06:44:57,46.875,-96.9004,68.02,66,1,1.01
499,Hirtshals,DK,2021-08-03 06:44:57,57.5881,9.9592,58.86,88,20,6.91
500,Hamilton,US,2021-08-03 06:41:49,39.1834,-84.5333,65.23,88,1,0.0
501,Lazo,RU,2021-08-03 06:44:58,43.3817,133.9014,80.49,72,100,4.85
502,Nhulunbuy,AU,2021-08-03 06:44:59,-12.2333,136.7667,83.01,65,75,14.97
503,Pangnirtung,CA,2021-08-03 06:44:59,66.1451,-65.7125,45.48,88,100,2.8
504,Crib Point,AU,2021-08-03 06:45:00,-38.35,145.2,54.64,81,100,22.37
505,Hambantota,LK,2021-08-03 06:43:30,6.1241,81.1185,93.54,55,20,17.27
506,Easton,US,2021-08-03 06:45:00,40.6884,-75.2207,61.95,89,1,1.01
507,Cap Malheureux,MU,2021-08-03 06:45:00,-19.9842,57.6142,76.46,43,0,5.01
508,Masoko,TZ,2021-08-03 06:45:01,-9.3333,33.75,71.26,58,0,3.87
509,Tuatapere,NZ,2021-08-03 06:42:08,-46.1333,167.6833,42.15,86,20,1.61
510,Torbay,CA,2021-08-03 06:42:22,47.6666,-52.7314,59.29,95,90,16.11
511,Sumter,US,2021-08-03 06:45:01,28.7086,-82.0831,77.25,87,100,4.61
512,Goderich,CA,2021-08-03 06:43:10,43.7501,-81.7165,61.12,77,8,4.61
513,Lata,PT,2021-08-03 06:44:05,40.1629,-8.3327,59.36,81,100,1.52
514,Ormara,PK,2021-08-03 06:45:03,25.2088,64.6357,82.94,79,12,17.11
515,Ismailia,EG,2021-08-03 06:45:03,30.6043,32.2723,82.47,78,0,5.75
516,Itapora,BR,2021-08-03 06:45:04,-22.0799,-54.7874,53.98,62,0,6.71
517,Harper,LR,2021-08-03 06:45:04,4.375,-7.7169,75.16,79,77,3.2
518,Sinnamary,GF,2021-08-03 06:45:04,5.3833,-52.95,77.63,79,86,4.5
519,Japura,ID,2021-08-03 06:45:04,-0.3167,102.35,89.73,56,93,4.99
520,Astara,AZ,2021-08-03 06:45:05,38.5,48.6667,83.1,28,100,3.83
521,Constantine,DZ,2021-08-03 06:40:31,36.365,6.6147,69.21,88,40,2.3
522,Poli,TZ,2021-08-03 06:45:05,-3.3333,36.8,61.57,68,20,17.27
523,Kozlovka,RU,2021-08-03 06:45:06,55.8428,48.2492,90.12,42,88,12.77
524,Vanimo,PG,2021-08-03 06:45:06,-2.6741,141.3028,84.67,74,100,7.81
525,Pacific Grove,US,2021-08-03 06:45:06,36.6177,-121.9166,63.75,88,90,4.0
526,Moree,AU,2021-08-03 06:45:07,-29.4667,149.85,64.42,52,33,13.8
527,Antsohihy,MG,2021-08-03 06:45:07,-14.8796,47.9875,85.28,36,0,2.57
528,Patiya,BD,2021-08-03 06:45:07,22.2931,91.9762,84.69,81,100,9.22
529,Carbonia,IT,2021-08-03 06:45:08,39.1672,8.5222,75.99,64,93,9.55
530,Macapa,BR,2021-08-03 06:45:08,0.0389,-51.0664,78.78,94,40,2.3
531,Kerema,PG,2021-08-03 06:45:08,-7.9631,145.7785,78.76,81,100,7.4
532,Aswan,EG,2021-08-03 06:43:25,24.0934,32.907,94.3,22,0,4.61
533,Hoa Binh,VN,2021-08-03 06:45:09,20.8133,105.3383,94.89,54,92,6.4
534,Bilma,NE,2021-08-03 06:45:09,18.6853,12.9164,90.9,39,0,16.42
535,Tura,IN,2021-08-03 06:45:10,25.5198,90.2201,79.3,94,100,3.47
536,Wenshang,CN,2021-08-03 06:45:10,35.7275,116.4961,89.6,52,23,3.42
537,Esil,KZ,2021-08-03 06:45:11,51.9556,66.4042,83.55,32,65,8.66
538,Saint-Francois,FR,2021-08-03 06:45:11,46.4154,3.9054,59.68,95,90,3.44
539,Bilibino,RU,2021-08-03 06:45:11,68.0546,166.4372,35.17,77,100,9.46
540,Grindavik,IS,2021-08-03 06:45:12,63.8424,-22.4338,52.27,93,75,6.91
541,Kulhudhuffushi,MV,2021-08-03 06:45:12,6.6221,73.07,82.26,73,100,7.99
542,Vytegra,RU,2021-08-03 06:45:12,61.0064,36.4481,59.32,93,100,15.95
543,Myitkyina,MM,2021-08-03 06:45:13,25.3833,97.4,94.75,49,54,2.68
544,Yuxia,CN,2021-08-03 06:45:13,34.0615,108.6291,93.81,42,85,6.42
545,Caravelas,BR,2021-08-03 06:45:13,-17.7125,-39.2481,64.58,84,2,2.66
546,Zhigansk,RU,2021-08-03 06:42:10,66.7697,123.3711,78.75,30,64,6.46
547,Kodinsk,RU,2021-08-03 06:45:14,58.6881,99.1844,82.87,34,16,2.68
548,Acari,PE,2021-08-03 06:43:57,-15.4311,-74.6158,65.66,70,41,3.0
549,Strasbourg,FR,2021-08-03 06:45:14,48.5834,7.743,60.62,88,90,4.61
550,Parati,BR,2021-08-03 06:43:25,-23.2178,-44.7131,59.9,94,2,3.6
551,Bairiki,KI,2021-08-03 06:45:14,1.3292,172.9752,84.2,70,20,9.22
552,Chatenay-Malabry,FR,2021-08-03 06:45:15,48.7651,2.2666,60.8,96,75,4.61
553,Maldonado,UY,2021-08-03 06:45:15,-34.6667,-54.9167,42.19,92,0,5.21
554,Harlingen,US,2021-08-03 06:45:15,26.1906,-97.6961,83.25,96,20,5.75
555,Saint-Augustin,CA,2021-08-03 06:45:16,51.226,-58.6502,56.43,96,100,8.59
556,Port Hueneme,US,2021-08-03 06:43:50,34.1478,-119.1951,86.05,85,1,5.75
557,Ornskoldsvik,SE,2021-08-03 06:45:16,63.2909,18.7153,56.35,58,0,16.11
558,Freeport,US,2021-08-03 06:45:17,40.6576,-73.5832,71.58,68,20,1.01
559,Cua,VE,2021-08-03 06:45:17,10.1589,-66.8858,74.82,98,99,3.02
560,Port Keats,AU,2021-08-03 06:45:17,-14.25,129.55,86.23,47,85,10.6
561,Marsh Harbour,BS,2021-08-03 06:42:25,26.5412,-77.0636,83.19,78,100,15.5
562,Koslan,RU,2021-08-03 06:45:18,63.4564,48.8989,75.54,51,36,11.18
563,Komagane,JP,2021-08-03 06:45:18,35.7296,137.9396,87.76,73,83,4.16
564,Izhmorskiy,RU,2021-08-03 06:45:18,56.194,86.6414,70.38,76,67,5.01
565,Laviana,ES,2021-08-03 06:45:19,43.2333,-5.5333,60.35,80,81,1.05
566,Balkanabat,TM,2021-08-03 06:45:19,39.5108,54.3671,98.1,17,100,8.05
567,Toamasina,MG,2021-08-03 06:45:19,-18.1667,49.3833,75.2,69,20,3.44
568,Garowe,SO,2021-08-03 06:43:42,8.4054,48.4845,86.41,36,84,30.13
569,Vila Velha,BR,2021-08-03 06:42:03,-20.3297,-40.2925,57.15,94,0,0.0
570,Talaya,RU,2021-08-03 06:45:20,61.3833,152.75,43.47,66,100,14.16
571,Trairi,BR,2021-08-03 06:40:37,-3.2778,-39.2689,70.14,93,35,5.28
572,Panama City,PA,2021-08-03 06:45:20,8.9936,-79.5197,79.05,88,40,4.61
573,Rupert,US,2021-08-03 06:45:21,42.6191,-113.6772,65.64,79,34,7.16
574,Coquimbo,CL,2021-08-03 06:41:52,-29.9533,-71.3436,53.33,93,90,2.3
575,Asau,RO,2021-08-03 06:45:21,46.4333,26.4,73.76,61,21,1.41
